{"cameraMode":{"drawMode":0,"name":"Shaded","section":"Shading Mode"},"sceneLighting":true,"audioPlay":false,"sceneViewState":{"m_AlwaysRefresh":false,"showFog":true,"showSkybox":true,"showFlares":true,"showImageEffects":true,"showParticleSystems":true,"showVisualEffectGraphs":true,"m_FxEnabled":true},"in2DMode":false,"pivot":{"x":-0.156138077378273,"y":9.8474760055542,"z":-56.961055755615237},"rotation":{"x":0.44788751006126406,"y":0.0016074213199317456,"z":-0.0008052333723753691,"w":0.8940927982330322},"size":4.432324409484863,"orthographic":false}